seconds,native_mb,graphics_mb,total_mb
10,217,308,651
20,217,308,645
31,215,308,644
42,216,308,644
53,216,308,645
63,219,310,650
74,219,310,650
85,219,310,650
96,219,310,650
106,219,310,650
117,219,310,650
128,219,310,650
139,219,311,650
149,219,311,652
160,218,311,650
171,218,311,650
182,218,311,650
192,219,311,650
203,219,311,650
214,219,311,650
225,219,311,650
235,219,311,650
246,219,311,651
257,219,311,650
268,219,311,651
278,219,311,650
289,219,312,651
300,219,311,650
311,219,311,651
321,219,311,651
332,219,293,633
343,219,293,633
354,219,293,633
364,219,294,633
375,219,293,633
386,219,294,633
397,219,294,633
407,219,294,634
418,219,294,634
429,219,293,633
439,219,294,635
450,219,294,635
461,220,294,635
472,219,294,634
482,219,295,635
493,219,295,636
504,219,303,644
515,220,303,644
526,219,304,645
536,219,303,643
547,219,302,642
558,220,302,643
568,220,303,644
579,220,311,651
590,220,312,654
